SectionID,ReconstructionError
SEC10,36.23545837402344
SEC43,35.90514373779297
SEC48,36.26510238647461
SEC63,40.82997512817383
SEC70,37.7323112487793
SEC71,36.12661361694336
